<?xml version="1.0" encoding="utf-8"?>
<databaseChangeLog

        xmlns:xsi="http://www.w3.org/2001/XMLSchema-instance"
        xmlns="http://www.liquibase.org/xml/ns/dbchangelog"
        xsi:schemaLocation="http://www.liquibase.org/xml/ns/dbchangelog http://www.liquibase.org/xml/ns/dbchangelog/dbchangelog-3.5.xsd">

    <changeSet failOnError="false" author="Aniwange Amos" id="20222005-017">
        <preConditions onFail="MARK_RAN">
            <sqlCheck expectedResult="0">
                SELECT COUNT(*)
                FROM patient_check_post_service
                WHERE id = 1;
            </sqlCheck>
        </preConditions>
        <sqlFile dbms="postgresql"
                 path="sql/patient_post_service_query.sql"
                 relativeToChangelogFile="true"
                 splitStatements="false"
                 stripComments="true"/>
    </changeSet>

    <changeSet failOnError="false" author="Aniwange Amos" id="20220609-018">
        <sqlFile dbms="postgresql"
                 path="sql/patient_permission_query.sql"
                 relativeToChangelogFile="true"
                 splitStatements="false"
                 stripComments="true"/>
    </changeSet>

</databaseChangeLog>
